spanish,english,level,image_link
hola,hello,A1, https://img.favpng.com/3/19/3/emoticon-smiley-vector-graphics-clip-art-thumb-signal-png-favpng-TYUVmammDc4SvVCYpkNHTQ3UP_t.jpg
adiós,goodbye,A1, https://img.favpng.com/5/10/4/hand-waving-wave-emoji-clip-art-png-favpng-GtGDqwq5DnSHvBzHYCg7BfZgX_t.jpg
gracias,thank you,A1, https://img.favpng.com/15/22/17/computer-icons-scalable-vector-graphics-clip-art-png-favpng-PQWXELLgKqEh8Y7TKSdyekyTz_t.jpg
por favor,please,A1, https://img.favpng.com/2/25/17/praying-hands-christian-prayer-emoji-religion-png-favpng-MQsBSgneVpy8KvP9wDgy8cDbD_t.jpg
sí,yes,A1, https://img.favpng.com/15/8/7/thumb-signal-smiley-emoticon-clip-art-png-favpng-0AMxNcZ41UE7a9VqHgdyBRYwz_t.jpg
no,no,A1, https://img.favpng.com/16/0/23/no-emoji-iphone-gesture-emoticon-png-favpng-vyaQQUPphFFNwaxLvw0y2U7ES_t.jpg
abandonar,to abandon,A1, https://img.favpng.com/15/22/17/computer-icons-scalable-vector-graphics-clip-art-png-favpng-PQWXELLgKqEh8Y7TKSdyekyTz_t.jpg
absorber,to absorb,A1, https://img.favpng.com/15/22/17/computer-icons-scalable-vector-graphics-clip-art-png-favpng-PQWXELLgKqEh8Y7TKSdyekyTz_t.jpg
abstenerse,to abstain,A1, https://img.favpng.com/15/22/17/computer-icons-scalable-vector-graphics-clip-art-png-favpng-PQWXELLgKqEh8Y7TKSdyekyTz_t.jpg
acelerar,to accelerate,A1, https://img.favpng.com/15/22/17/computer-icons-scalable-vector-graphics-clip-art-png-favpng-PQWXELLgKqEh8Y7TKSdyekyTz_t.jpg
acercar,to bring near,A1, https://img.favpng.com/15/22/17/computer-icons-scalable-vector-graphics-clip-art-png-favpng-PQWXELLgKqEh8Y7TKSdyekyTz_t.jpg
aclarar,to clarify,A1, https://img.favpng.com/15/22/17/computer-icons-scalable-vector-graphics-clip-art-png-favpng-PQWXELLgKqEh8Y7TKSdyekyTz_t.jpg
acompañar,to accompany,A1, https://img.favpng.com/15/22/17/computer-icons-scalable-vector-graphics-clip-art-png-favpng-PQWXELLgKqEh8Y7TKSdyekyTz_t.jpg
aconsejar,to advise,A1, https://img.favpng.com/15/22/17/computer-icons-scalable-vector-graphics-clip-art-png-favpng-PQWXELLgKqEh8Y7TKSdyekyTz_t.jpg
acordar,to agree,A1, https://img.favpng.com/15/22/17/computer-icons-scalable-vector-graphics-clip-art-png-favpng-PQWXELLgKqEh8Y7TKSdyekyTz_t.jpg
acostumbrar,to be accustomed,A1, https://img.favpng.com/15/22/17/computer-icons-scalable-vector-graphics-clip-art-png-favpng-PQWXELLgKqEh8Y7TKSdyekyTz_t.jpg
acumular,to accumulate,A1, https://img.favpng.com/15/22/17/computer-icons-scalable-vector-graphics-clip-art-png-favpng-PQWXELLgKqEh8Y7TKSdyekyTz_t.jpg
acusar,to accuse,A1, https://img.favpng.com/15/22/17/computer-icons-scalable-vector-graphics-clip-art-png-favpng-PQWXELLgKqEh8Y7TKSdyekyTz_t.jpg
adelantar,to advance,A1, https://img.favpng.com/15/22/17/computer-icons-scalable-vector-graphics-clip-art-png-favpng-PQWXELLgKqEh8Y7TKSdyekyTz_t.jpg
admirar,to admire,A1, https://img.favpng.com/15/22/17/computer-icons-scalable-vector-graphics-clip-art-png-favpng-PQWXELLgKqEh8Y7TKSdyekyTz_t.jpg
admitir,to admit,A1, https://img.favpng.com/15/22/17/computer-icons-scalable-vector-graphics-clip-art-png-favpng-PQWXELLgKqEh8Y7TKSdyekyTz_t.jpg
adoptar,to adopt,A1, https://img.favpng.com/15/22/17/computer-icons-scalable-vector-graphics-clip-art-png-favpng-PQWXELLgKqEh8Y7TKSdyekyTz_t.jpg
advertir,to warn,A1, https://img.favpng.com/15/22/17/computer-icons-scalable-vector-graphics-clip-art-png-favpng-PQWXELLgKqEh8Y7TKSdyekyTz_t.jpg
afectar,to affect,A1, https://img.favpng.com/15/22/17/computer-icons-scalable-vector-graphics-clip-art-png-favpng-PQWXELLgKqEh8Y7TKSdyekyTz_t.jpg
afligir,to afflict,A1, https://img.favpng.com/15/22/17/computer-icons-scalable-vector-graphics-clip-art-png-favpng-PQWXELLgKqEh8Y7TKSdyekyTz_t.jpg
ahorrar,to save (money),A1, https://img.favpng.com/15/22/17/computer-icons-scalable-vector-graphics-clip-art-png-favpng-PQWXELLgKqEh8Y7TKSdyekyTz_t.jpg
alcanzar,to reach,A1, https://img.favpng.com/15/22/17/computer-icons-scalable-vector-graphics-clip-art-png-favpng-PQWXELLgKqEh8Y7TKSdyekyTz_t.jpg
alegrar,to make happy,A1, https://img.favpng.com/15/22/17/computer-icons-scalable-vector-graphics-clip-art-png-favpng-PQWXELLgKqEh8Y7TKSdyekyTz_t.jpg
alimentar,to feed,A1, https://img.favpng.com/15/22/17/computer-icons-scalable-vector-graphics-clip-art-png-favpng-PQWXELLgKqEh8Y7TKSdyekyTz_t.jpg
aliviar,to alleviate,A1, https://img.favpng.com/15/22/17/computer-icons-scalable-vector-graphics-clip-art-png-favpng-PQWXELLgKqEh8Y7TKSdyekyTz_t.jpg
alquilar,to rent,A1, https://img.favpng.com/15/22/17/computer-icons-scalable-vector-graphics-clip-art-png-favpng-PQWXELLgKqEh8Y7TKSdyekyTz_t.jpg
alumbrar,to illuminate,A1, https://img.favpng.com/15/22/17/computer-icons-scalable-vector-graphics-clip-art-png-favpng-PQWXELLgKqEh8Y7TKSdyekyTz_t.jpg
alzar,to lift,A1, https://img.favpng.com/15/22/17/computer-icons-scalable-vector-graphics-clip-art-png-favpng-PQWXELLgKqEh8Y7TKSdyekyTz_t.jpg
analizar,to analyze,A1, https://img.favpng.com/15/22/17/computer-icons-scalable-vector-graphics-clip-art-png-favpng-PQWXELLgKqEh8Y7TKSdyekyTz_t.jpg
anotar,to note down,A1, https://img.favpng.com/15/22/17/computer-icons-scalable-vector-graphics-clip-art-png-favpng-PQWXELLgKqEh8Y7TKSdyekyTz_t.jpg
anticipar,to anticipate,A1, https://img.favpng.com/15/22/17/computer-icons-scalable-vector-graphics-clip-art-png-favpng-PQWXELLgKqEh8Y7TKSdyekyTz_t.jpg
apagar,to turn off,A1, https://img.favpng.com/15/22/17/computer-icons-scalable-vector-graphics-clip-art-png-favpng-PQWXELLgKqEh8Y7TKSdyekyTz_t.jpg
aparecer,to appear,A1, https://img.favpng.com/15/22/17/computer-icons-scalable-vector-graphics-clip-art-png-favpng-PQWXELLgKqEh8Y7TKSdyekyTz_t.jpg
aplaudir,to applaud,A1, https://img.favpng.com/15/22/17/computer-icons-scalable-vector-graphics-clip-art-png-favpng-PQWXELLgKqEh8Y7TKSdyekyTz_t.jpg
aplicar,to apply,A1, https://img.favpng.com/15/22/17/computer-icons-scalable-vector-graphics-clip-art-png-favpng-PQWXELLgKqEh8Y7TKSdyekyTz_t.jpg
apoyar,to support,A1, https://img.favpng.com/15/22/17/computer-icons-scalable-vector-graphics-clip-art-png-favpng-PQWXELLgKqEh8Y7TKSdyekyTz_t.jpg
apreciar,to appreciate,A1, https://img.favpng.com/15/22/17/computer-icons-scalable-vector-graphics-clip-art-png-favpng-PQWXELLgKqEh8Y7TKSdyekyTz_t.jpg
apresurar,to hurry,A1, https://img.favpng.com/15/22/17/computer-icons-scalable-vector-graphics-clip-art-png-favpng-PQWXELLgKqEh8Y7TKSdyekyTz_t.jpg
aprobar,to approve,A1, https://img.favpng.com/15/22/17/computer-icons-scalable-vector-graphics-clip-art-png-favpng-PQWXELLgKqEh8Y7TKSdyekyTz_t.jpg
aprovechar,to take advantage,A1, https://img.favpng.com/15/22/17/computer-icons-scalable-vector-graphics-clip-art-png-favpng-PQWXELLgKqEh8Y7TKSdyekyTz_t.jpg
apuntar,to aim,A1, https://img.favpng.com/15/22/17/computer-icons-scalable-vector-graphics-clip-art-png-favpng-PQWXELLgKqEh8Y7TKSdyekyTz_t.jpg
apurar,to hurry,A1, https://img.favpng.com/15/22/17/computer-icons-scalable-vector-graphics-clip-art-png-favpng-PQWXELLgKqEh8Y7TKSdyekyTz_t.jpg
arreglar,to fix,A1, https://img.favpng.com/15/22/17/computer-icons-scalable-vector-graphics-clip-art-png-favpng-PQWXELLgKqEh8Y7TKSdyekyTz_t.jpg
arriesgar,to risk,A1, https://img.favpng.com/15/22/17/computer-icons-scalable-vector-graphics-clip-art-png-favpng-PQWXELLgKqEh8Y7TKSdyekyTz_t.jpg
arrojar,to throw,A1, https://img.favpng.com/15/22/17/computer-icons-scalable-vector-graphics-clip-art-png-favpng-PQWXELLgKqEh8Y7TKSdyekyTz_t.jpg
asegurar,to assure,A1, https://img.favpng.com/15/22/17/computer-icons-scalable-vector-graphics-clip-art-png-favpng-PQWXELLgKqEh8Y7TKSdyekyTz_t.jpg
asignar,to assign,A1, https://img.favpng.com/15/22/17/computer-icons-scalable-vector-graphics-clip-art-png-favpng-PQWXELLgKqEh8Y7TKSdyekyTz_t.jpg
asistir,to attend,A1, https://img.favpng.com/15/22/17/computer-icons-scalable-vector-graphics-clip-art-png-favpng-PQWXELLgKqEh8Y7TKSdyekyTz_t.jpg
asociar,to associate,A1, https://img.favpng.com/15/22/17/computer-icons-scalable-vector-graphics-clip-art-png-favpng-PQWXELLgKqEh8Y7TKSdyekyTz_t.jpg
asumir,to assume,A1, https://img.favpng.com/15/22/17/computer-icons-scalable-vector-graphics-clip-art-png-favpng-PQWXELLgKqEh8Y7TKSdyekyTz_t.jpg
asustar,to frighten,A1, https://img.favpng.com/15/22/17/computer-icons-scalable-vector-graphics-clip-art-png-favpng-PQWXELLgKqEh8Y7TKSdyekyTz_t.jpg
atacar,to attack,A1, https://img.favpng.com/15/22/17/computer-icons-scalable-vector-graphics-clip-art-png-favpng-PQWXELLgKqEh8Y7TKSdyekyTz_t.jpg
atender,to attend to,A1, https://img.favpng.com/15/22/17/computer-icons-scalable-vector-graphics-clip-art-png-favpng-PQWXELLgKqEh8Y7TKSdyekyTz_t.jpg
atraer,to attract,A1, https://img.favpng.com/15/22/17/computer-icons-scalable-vector-graphics-clip-art-png-favpng-PQWXELLgKqEh8Y7TKSdyekyTz_t.jpg
atravesar,to cross,A1, https://img.favpng.com/15/22/17/computer-icons-scalable-vector-graphics-clip-art-png-favpng-PQWXELLgKqEh8Y7TKSdyekyTz_t.jpg
aumentar,to increase,A1, https://img.favpng.com/15/22/17/computer-icons-scalable-vector-graphics-clip-art-png-favpng-PQWXELLgKqEh8Y7TKSdyekyTz_t.jpg
averiguar,to find out,A1, https://img.favpng.com/15/22/17/computer-icons-scalable-vector-graphics-clip-art-png-favpng-PQWXELLgKqEh8Y7TKSdyekyTz_t.jpg
avisar,to notify,A1, https://img.favpng.com/15/22/17/computer-icons-scalable-vector-graphics-clip-art-png-favpng-PQWXELLgKqEh8Y7TKSdyekyTz_t.jpg
bailar,to dance,A1, https://img.favpng.com/15/22/17/computer-icons-scalable-vector-graphics-clip-art-png-favpng-PQWXELLgKqEh8Y7TKSdyekyTz_t.jpg
bajar,to lower,A1, https://img.favpng.com/15/22/17/computer-icons-scalable-vector-graphics-clip-art-png-favpng-PQWXELLgKqEh8Y7TKSdyekyTz_t.jpg
barrer,to sweep,A1, https://img.favpng.com/15/22/17/computer-icons-scalable-vector-graphics-clip-art-png-favpng-PQWXELLgKqEh8Y7TKSdyekyTz_t.jpg
bautizar,to baptize,A1, https://img.favpng.com/15/22/17/computer-icons-scalable-vector-graphics-clip-art-png-favpng-PQWXELLgKqEh8Y7TKSdyekyTz_t.jpg
bendecir,to bless,A1, https://img.favpng.com/15/22/17/computer-icons-scalable-vector-graphics-clip-art-png-favpng-PQWXELLgKqEh8Y7TKSdyekyTz_t.jpg
borrar,to erase,A1, https://img.favpng.com/15/22/17/computer-icons-scalable-vector-graphics-clip-art-png-favpng-PQWXELLgKqEh8Y7TKSdyekyTz_t.jpg
botar,to throw away,A1, https://img.favpng.com/15/22/17/computer-icons-scalable-vector-graphics-clip-art-png-favpng-PQWXELLgKqEh8Y7TKSdyekyTz_t.jpg
brillar,to shine,A1, https://img.favpng.com/15/22/17/computer-icons-scalable-vector-graphics-clip-art-png-favpng-PQWXELLgKqEh8Y7TKSdyekyTz_t.jpg
brindar,to toast,A1, https://img.favpng.com/15/22/17/computer-icons-scalable-vector-graphics-clip-art-png-favpng-PQWXELLgKqEh8Y7TKSdyekyTz_t.jpg
brotar,to sprout,A1, https://img.favpng.com/15/22/17/computer-icons-scalable-vector-graphics-clip-art-png-favpng-PQWXELLgKqEh8Y7TKSdyekyTz_t.jpg
bucear,to dive,A1, https://img.favpng.com/15/22/17/computer-icons-scalable-vector-graphics-clip-art-png-favpng-PQWXELLgKqEh8Y7TKSdyekyTz_t.jpg
burlarse,to mock,A1, https://img.favpng.com/15/22/17/computer-icons-scalable-vector-graphics-clip-art-png-favpng-PQWXELLgKqEh8Y7TKSdyekyTz_t.jpg
buscar,to search,A1, https://img.favpng.com/15/22/17/computer-icons-scalable-vector-graphics-clip-art-png-favpng-PQWXELLgKqEh8Y7TKSdyekyTz_t.jpg
caber,to fit,A1, https://img.favpng.com/15/22/17/computer-icons-scalable-vector-graphics-clip-art-png-favpng-PQWXELLgKqEh8Y7TKSdyekyTz_t.jpg
caer,to fall,A1, https://img.favpng.com/15/22/17/computer-icons-scalable-vector-graphics-clip-art-png-favpng-PQWXELLgKqEh8Y7TKSdyekyTz_t.jpg
calentar,to heat,A1, https://img.favpng.com/15/22/17/computer-icons-scalable-vector-graphics-clip-art-png-favpng-PQWXELLgKqEh8Y7TKSdyekyTz_t.jpg
callar,to be silent,A1, https://img.favpng.com/15/22/17/computer-icons-scalable-vector-graphics-clip-art-png-favpng-PQWXELLgKqEh8Y7TKSdyekyTz_t.jpg
calmar,to calm,A1, https://img.favpng.com/15/22/17/computer-icons-scalable-vector-graphics-clip-art-png-favpng-PQWXELLgKqEh8Y7TKSdyekyTz_t.jpg
cambiar,to change,A1, https://img.favpng.com/15/22/17/computer-icons-scalable-vector-graphics-clip-art-png-favpng-PQWXELLgKqEh8Y7TKSdyekyTz_t.jpg
caminar,to walk,A1, https://img.favpng.com/15/22/17/computer-icons-scalable-vector-graphics-clip-art-png-favpng-PQWXELLgKqEh8Y7TKSdyekyTz_t.jpg
cancelar,to cancel,A1, https://img.favpng.com/15/22/17/computer-icons-scalable-vector-graphics-clip-art-png-favpng-PQWXELLgKqEh8Y7TKSdyekyTz_t.jpg
cantar,to sing,A1, https://img.favpng.com/15/22/17/computer-icons-scalable-vector-graphics-clip-art-png-favpng-PQWXELLgKqEh8Y7TKSdyekyTz_t.jpg
capturar,to capture,A1, https://img.favpng.com/15/22/17/computer-icons-scalable-vector-graphics-clip-art-png-favpng-PQWXELLgKqEh8Y7TKSdyekyTz_t.jpg
castigar,to punish,A1, https://img.favpng.com/15/22/17/computer-icons-scalable-vector-graphics-clip-art-png-favpng-PQWXELLgKqEh8Y7TKSdyekyTz_t.jpg
causar,to cause,A1, https://img.favpng.com/15/22/17/computer-icons-scalable-vector-graphics-clip-art-png-favpng-PQWXELLgKqEh8Y7TKSdyekyTz_t.jpg
cazar,to hunt,A1, https://img.favpng.com/15/22/17/computer-icons-scalable-vector-graphics-clip-art-png-favpng-PQWXELLgKqEh8Y7TKSdyekyTz_t.jpg
ceder,to yield,A1, https://img.favpng.com/15/22/17/computer-icons-scalable-vector-graphics-clip-art-png-favpng-PQWXELLgKqEh8Y7TKSdyekyTz_t.jpg
celebrar,to celebrate,A1, https://img.favpng.com/15/22/17/computer-icons-scalable-vector-graphics-clip-art-png-favpng-PQWXELLgKqEh8Y7TKSdyekyTz_t.jpg
cenar,to have dinner,A1, https://img.favpng.com/15/22/17/computer-icons-scalable-vector-graphics-clip-art-png-favpng-PQWXELLgKqEh8Y7TKSdyekyTz_t.jpg
cepillar,to brush,A1, https://img.favpng.com/15/22/17/computer-icons-scalable-vector-graphics-clip-art-png-favpng-PQWXELLgKqEh8Y7TKSdyekyTz_t.jpg
cerrar,to close,A1, https://img.favpng.com/15/22/17/computer-icons-scalable-vector-graphics-clip-art-png-favpng-PQWXELLgKqEh8Y7TKSdyekyTz_t.jpg
charlar,to chat,A1, https://img.favpng.com/15/22/17/computer-icons-scalable-vector-graphics-clip-art-png-favpng-PQWXELLgKqEh8Y7TKSdyekyTz_t.jpg
chocar,to crash,A1, https://img.favpng.com/15/22/17/computer-icons-scalable-vector-graphics-clip-art-png-favpng-PQWXELLgKqEh8Y7TKSdyekyTz_t.jpg
citar,to quote,A1, https://img.favpng.com/15/22/17/computer-icons-scalable-vector-graphics-clip-art-png-favpng-PQWXELLgKqEh8Y7TKSdyekyTz_t.jpg
clarificar,to clarify,A1, https://img.favpng.com/15/22/17/computer-icons-scalable-vector-graphics-clip-art-png-favpng-PQWXELLgKqEh8Y7TKSdyekyTz_t.jpg
clasificar,to classify,A1, https://img.favpng.com/15/22/17/computer-icons-scalable-vector-graphics-clip-art-png-favpng-PQWXELLgKqEh8Y7TKSdyekyTz_t.jpg
cobrar,to charge,A1, https://img.favpng.com/15/22/17/computer-icons-scalable-vector-graphics-clip-art-png-favpng-PQWXELLgKqEh8Y7TKSdyekyTz_t.jpg
cocer,to cook,A1, https://img.favpng.com/15/22/17/computer-icons-scalable-vector-graphics-clip-art-png-favpng-PQWXELLgKqEh8Y7TKSdyekyTz_t.jpg
cocinar,to cook,A1, https://img.favpng.com/15/22/17/computer-icons-scalable-vector-graphics-clip-art-png-favpng-PQWXELLgKqEh8Y7TKSdyekyTz_t.jpg
coger,to catch,A1, https://img.favpng.com/15/22/17/computer-icons-scalable-vector-graphics-clip-art-png-favpng-PQWXELLgKqEh8Y7TKSdyekyTz_t.jpg
colaborar,to collaborate,A1, https://img.favpng.com/15/22/17/computer-icons-scalable-vector-graphics-clip-art-png-favpng-PQWXELLgKqEh8Y7TKSdyekyTz_t.jpg
colocar,to place,A1, https://img.favpng.com/15/22/17/computer-icons-scalable-vector-graphics-clip-art-png-favpng-PQWXELLgKqEh8Y7TKSdyekyTz_t.jpg
comenzar,to begin,A1, https://img.favpng.com/15/22/17/computer-icons-scalable-vector-graphics-clip-art-png-favpng-PQWXELLgKqEh8Y7TKSdyekyTz_t.jpg
comer,to eat,A1, https://img.favpng.com/15/22/17/computer-icons-scalable-vector-graphics-clip-art-png-favpng-PQWXELLgKqEh8Y7TKSdyekyTz_t.jpg
compartir,to share,A1, https://img.favpng.com/15/22/17/computer-icons-scalable-vector-graphics-clip-art-png-favpng-PQWXELLgKqEh8Y7TKSdyekyTz_t.jpg
competir,to compete,A1, https://img.favpng.com/15/22/17/computer-icons-scalable-vector-graphics-clip-art-png-favpng-PQWXELLgKqEh8Y7TKSdyekyTz_t.jpg
complacer,to please,A1, https://img.favpng.com/15/22/17/computer-icons-scalable-vector-graphics-clip-art-png-favpng-PQWXELLgKqEh8Y7TKSdyekyTz_t.jpg
componer,to compose,A1, https://img.favpng.com/15/22/17/computer-icons-scalable-vector-graphics-clip-art-png-favpng-PQWXELLgKqEh8Y7TKSdyekyTz_t.jpg
comprender,to understand,A1, https://img.favpng.com/15/22/17/computer-icons-scalable-vector-graphics-clip-art-png-favpng-PQWXELLgKqEh8Y7TKSdyekyTz_t.jpg
comprometer,to compromise,A1, https://img.favpng.com/15/22/17/computer-icons-scalable-vector-graphics-clip-art-png-favpng-PQWXELLgKqEh8Y7TKSdyekyTz_t.jpg
comunicar,to communicate,A1, https://img.favpng.com/15/22/17/computer-icons-scalable-vector-graphics-clip-art-png-favpng-PQWXELLgKqEh8Y7TKSdyekyTz_t.jpg
concebir,to conceive,A1, https://img.favpng.com/15/22/17/computer-icons-scalable-vector-graphics-clip-art-png-favpng-PQWXELLgKqEh8Y7TKSdyekyTz_t.jpg
conceder,to grant,A1, https://img.favpng.com/15/22/17/computer-icons-scalable-vector-graphics-clip-art-png-favpng-PQWXELLgKqEh8Y7TKSdyekyTz_t.jpg
concentrar,to concentrate,A1, https://img.favpng.com/15/22/17/computer-icons-scalable-vector-graphics-clip-art-png-favpng-PQWXELLgKqEh8Y7TKSdyekyTz_t.jpg
concluir,to conclude,A1, https://img.favpng.com/15/22/17/computer-icons-scalable-vector-graphics-clip-art-png-favpng-PQWXELLgKqEh8Y7TKSdyekyTz_t.jpg
concordar,to agree,A1, https://img.favpng.com/15/22/17/computer-icons-scalable-vector-graphics-clip-art-png-favpng-PQWXELLgKqEh8Y7TKSdyekyTz_t.jpg
conducir,to drive,A1, https://img.favpng.com/15/22/17/computer-icons-scalable-vector-graphics-clip-art-png-favpng-PQWXELLgKqEh8Y7TKSdyekyTz_t.jpg
confesar,to confess,A1, https://img.favpng.com/15/22/17/computer-icons-scalable-vector-graphics-clip-art-png-favpng-PQWXELLgKqEh8Y7TKSdyekyTz_t.jpg
confiar,to trust,A1, https://img.favpng.com/15/22/17/computer-icons-scalable-vector-graphics-clip-art-png-favpng-PQWXELLgKqEh8Y7TKSdyekyTz_t.jpg
confirmar,to confirm,A1, https://img.favpng.com/15/22/17/computer-icons-scalable-vector-graphics-clip-art-png-favpng-PQWXELLgKqEh8Y7TKSdyekyTz_t.jpg
confundir,to confuse,A1, https://img.favpng.com/15/22/17/computer-icons-scalable-vector-graphics-clip-art-png-favpng-PQWXELLgKqEh8Y7TKSdyekyTz_t.jpg
congelar,to freeze,A1, https://img.favpng.com/15/22/17/computer-icons-scalable-vector-graphics-clip-art-png-favpng-PQWXELLgKqEh8Y7TKSdyekyTz_t.jpg
conseguir,to obtain,A1, https://img.favpng.com/15/22/17/computer-icons-scalable-vector-graphics-clip-art-png-favpng-PQWXELLgKqEh8Y7TKSdyekyTz_t.jpg
conservar,to conserve,A1, https://img.favpng.com/15/22/17/computer-icons-scalable-vector-graphics-clip-art-png-favpng-PQWXELLgKqEh8Y7TKSdyekyTz_t.jpg
considerar,to consider,A1, https://img.favpng.com/15/22/17/computer-icons-scalable-vector-graphics-clip-art-png-favpng-PQWXELLgKqEh8Y7TKSdyekyTz_t.jpg
consistir,to consist,A1, https://img.favpng.com/15/22/17/computer-icons-scalable-vector-graphics-clip-art-png-favpng-PQWXELLgKqEh8Y7TKSdyekyTz_t.jpg
consolar,to console,A1, https://img.favpng.com/15/22/17/computer-icons-scalable-vector-graphics-clip-art-png-favpng-PQWXELLgKqEh8Y7TKSdyekyTz_t.jpg
construir,to build,A1, https://img.favpng.com/15/22/17/computer-icons-scalable-vector-graphics-clip-art-png-favpng-PQWXELLgKqEh8Y7TKSdyekyTz_t.jpg
consultar,to consult,A1, https://img.favpng.com/15/22/17/computer-icons-scalable-vector-graphics-clip-art-png-favpng-PQWXELLgKqEh8Y7TKSdyekyTz_t.jpg
consumir,to consume,A1, https://img.favpng.com/15/22/17/computer-icons-scalable-vector-graphics-clip-art-png-favpng-PQWXELLgKqEh8Y7TKSdyekyTz_t.jpg
contener,to contain,A1, https://img.favpng.com/15/22/17/computer-icons-scalable-vector-graphics-clip-art-png-favpng-PQWXELLgKqEh8Y7TKSdyekyTz_t.jpg
contestar,to answer,A1, https://img.favpng.com/15/22/17/computer-icons-scalable-vector-graphics-clip-art-png-favpng-PQWXELLgKqEh8Y7TKSdyekyTz_t.jpg
continuar,to continue,A1, https://img.favpng.com/15/22/17/computer-icons-scalable-vector-graphics-clip-art-png-favpng-PQWXELLgKqEh8Y7TKSdyekyTz_t.jpg
contribuir,to contribute,A1, https://img.favpng.com/15/22/17/computer-icons-scalable-vector-graphics-clip-art-png-favpng-PQWXELLgKqEh8Y7TKSdyekyTz_t.jpg
controlar,to control,A1, https://img.favpng.com/15/22/17/computer-icons-scalable-vector-graphics-clip-art-png-favpng-PQWXELLgKqEh8Y7TKSdyekyTz_t.jpg
convencer,to convince,A1, https://img.favpng.com/15/22/17/computer-icons-scalable-vector-graphics-clip-art-png-favpng-PQWXELLgKqEh8Y7TKSdyekyTz_t.jpg
convertir,to convert,A1, https://img.favpng.com/15/22/17/computer-icons-scalable-vector-graphics-clip-art-png-favpng-PQWXELLgKqEh8Y7TKSdyekyTz_t.jpg
convocar,to convene,A1, https://img.favpng.com/15/22/17/computer-icons-scalable-vector-graphics-clip-art-png-favpng-PQWXELLgKqEh8Y7TKSdyekyTz_t.jpg
copiar,to copy,A1, https://img.favpng.com/15/22/17/computer-icons-scalable-vector-graphics-clip-art-png-favpng-PQWXELLgKqEh8Y7TKSdyekyTz_t.jpg
corregir,to correct,A1, https://img.favpng.com/15/22/17/computer-icons-scalable-vector-graphics-clip-art-png-favpng-PQWXELLgKqEh8Y7TKSdyekyTz_t.jpg
correr,to run,A1, https://img.favpng.com/15/22/17/computer-icons-scalable-vector-graphics-clip-art-png-favpng-PQWXELLgKqEh8Y7TKSdyekyTz_t.jpg
cortar,to cut,A1, https://img.favpng.com/15/22/17/computer-icons-scalable-vector-graphics-clip-art-png-favpng-PQWXELLgKqEh8Y7TKSdyekyTz_t.jpg
coser,to sew,A1, https://img.favpng.com/15/22/17/computer-icons-scalable-vector-graphics-clip-art-png-favpng-PQWXELLgKqEh8Y7TKSdyekyTz_t.jpg
costar,to cost,A1, https://img.favpng.com/15/22/17/computer-icons-scalable-vector-graphics-clip-art-png-favpng-PQWXELLgKqEh8Y7TKSdyekyTz_t.jpg
crear,to create,A1, https://img.favpng.com/15/22/17/computer-icons-scalable-vector-graphics-clip-art-png-favpng-PQWXELLgKqEh8Y7TKSdyekyTz_t.jpg
crecer,to grow,A1, https://img.favpng.com/15/22/17/computer-icons-scalable-vector-graphics-clip-art-png-favpng-PQWXELLgKqEh8Y7TKSdyekyTz_t.jpg
creer,to believe,A1, https://img.favpng.com/15/22/17/computer-icons-scalable-vector-graphics-clip-art-png-favpng-PQWXELLgKqEh8Y7TKSdyekyTz_t.jpg
criar,to raise,A1, https://img.favpng.com/15/22/17/computer-icons-scalable-vector-graphics-clip-art-png-favpng-PQWXELLgKqEh8Y7TKSdyekyTz_t.jpg
cruzar,to cross,A1, https://img.favpng.com/15/22/17/computer-icons-scalable-vector-graphics-clip-art-png-favpng-PQWXELLgKqEh8Y7TKSdyekyTz_t.jpg
cubrir,to cover,A1, https://img.favpng.com/15/22/17/computer-icons-scalable-vector-graphics-clip-art-png-favpng-PQWXELLgKqEh8Y7TKSdyekyTz_t.jpg
cuidar,to take care,A1, https://img.favpng.com/15/22/17/computer-icons-scalable-vector-graphics-clip-art-png-favpng-PQWXELLgKqEh8Y7TKSdyekyTz_t.jpg
culpar,to blame,A1, https://img.favpng.com/15/22/17/computer-icons-scalable-vector-graphics-clip-art-png-favpng-PQWXELLgKqEh8Y7TKSdyekyTz_t.jpg
cultivar,to cultivate,A1, https://img.favpng.com/15/22/17/computer-icons-scalable-vector-graphics-clip-art-png-favpng-PQWXELLgKqEh8Y7TKSdyekyTz_t.jpg
cumplir,to fulfill,A1, https://img.favpng.com/15/22/17/computer-icons-scalable-vector-graphics-clip-art-png-favpng-PQWXELLgKqEh8Y7TKSdyekyTz_t.jpg
curar,to cure,A1, https://img.favpng.com/15/22/17/computer-icons-scalable-vector-graphics-clip-art-png-favpng-PQWXELLgKqEh8Y7TKSdyekyTz_t.jpg
dañar,to damage,A1, https://img.favpng.com/15/22/17/computer-icons-scalable-vector-graphics-clip-art-png-favpng-PQWXELLgKqEh8Y7TKSdyekyTz_t.jpg
dar,to give,A1, https://img.favpng.com/15/22/17/computer-icons-scalable-vector-graphics-clip-art-png-favpng-PQWXELLgKqEh8Y7TKSdyekyTz_t.jpg
deber,to owe,A1, https://img.favpng.com/15/22/17/computer-icons-scalable-vector-graphics-clip-art-png-favpng-PQWXELLgKqEh8Y7TKSdyekyTz_t.jpg
decidir,to decide,A1, https://img.favpng.com/15/22/17/computer-icons-scalable-vector-graphics-clip-art-png-favpng-PQWXELLgKqEh8Y7TKSdyekyTz_t.jpg
declarar,to declare,A1, https://img.favpng.com/15/22/17/computer-icons-scalable-vector-graphics-clip-art-png-favpng-PQWXELLgKqEh8Y7TKSdyekyTz_t.jpg
decorar,to decorate,A1, https://img.favpng.com/15/22/17/computer-icons-scalable-vector-graphics-clip-art-png-favpng-PQWXELLgKqEh8Y7TKSdyekyTz_t.jpg
dedicar,to dedicate,A1, https://img.favpng.com/15/22/17/computer-icons-scalable-vector-graphics-clip-art-png-favpng-PQWXELLgKqEh8Y7TKSdyekyTz_t.jpg
defender,to defend,A1, https://img.favpng.com/15/22/17/computer-icons-scalable-vector-graphics-clip-art-png-favpng-PQWXELLgKqEh8Y7TKSdyekyTz_t.jpg
definir,to define,A1, https://img.favpng.com/15/22/17/computer-icons-scalable-vector-graphics-clip-art-png-favpng-PQWXELLgKqEh8Y7TKSdyekyTz_t.jpg
dejar,to leave,A1, https://img.favpng.com/15/22/17/computer-icons-scalable-vector-graphics-clip-art-png-favpng-PQWXELLgKqEh8Y7TKSdyekyTz_t.jpg
deletrear,to spell,A1, https://img.favpng.com/15/22/17/computer-icons-scalable-vector-graphics-clip-art-png-favpng-PQWXELLgKqEh8Y7TKSdyekyTz_t.jpg
demandar,to sue,A1, https://img.favpng.com/15/22/17/computer-icons-scalable-vector-graphics-clip-art-png-favpng-PQWXELLgKqEh8Y7TKSdyekyTz_t.jpg
demostrar,to demonstrate,A1, https://img.favpng.com/15/22/17/computer-icons-scalable-vector-graphics-clip-art-png-favpng-PQWXELLgKqEh8Y7TKSdyekyTz_t.jpg
denunciar,to denounce,A1, https://img.favpng.com/15/22/17/computer-icons-scalable-vector-graphics-clip-art-png-favpng-PQWXELLgKqEh8Y7TKSdyekyTz_t.jpg
depender,to depend,A1, https://img.favpng.com/15/22/17/computer-icons-scalable-vector-graphics-clip-art-png-favpng-PQWXELLgKqEh8Y7TKSdyekyTz_t.jpg
derramar,to spill,A1, https://img.favpng.com/15/22/17/computer-icons-scalable-vector-graphics-clip-art-png-favpng-PQWXELLgKqEh8Y7TKSdyekyTz_t.jpg
desarrollar,to develop,A1, https://img.favpng.com/15/22/17/computer-icons-scalable-vector-graphics-clip-art-png-favpng-PQWXELLgKqEh8Y7TKSdyekyTz_t.jpg
descender,to descend,A1, https://img.favpng.com/15/22/17/computer-icons-scalable-vector-graphics-clip-art-png-favpng-PQWXELLgKqEh8Y7TKSdyekyTz_t.jpg
describir,to describe,A1, https://img.favpng.com/15/22/17/computer-icons-scalable-vector-graphics-clip-art-png-favpng-PQWXELLgKqEh8Y7TKSdyekyTz_t.jpg
descubrir,to discover,A1, https://img.favpng.com/15/22/17/computer-icons-scalable-vector-graphics-clip-art-png-favpng-PQWXELLgKqEh8Y7TKSdyekyTz_t.jpg
desear,to wish,A1, https://img.favpng.com/15/22/17/computer-icons-scalable-vector-graphics-clip-art-png-favpng-PQWXELLgKqEh8Y7TKSdyekyTz_t.jpg
